n_questions,mean_rho,min_rho,max_rho
10,0.792381,0.428571,1.000000
20,0.870476,0.657143,1.000000
40,0.914286,0.714286,1.000000
60,0.954286,0.714286,1.000000
80,1.000000,1.000000,1.000000
