judge_label,n_questions,n_splits,dev_size,test_size,topdisc_rho_mean,topdisc_rho_min,topdisc_rho_max,random_mean_rho_mean,random_mean_rho_min,random_mean_rho_max,topdisc_tau_mean,random_mean_tau_mean,topdisc_pairwise_acc_mean,random_mean_pairwise_acc_mean,topdisc_top1_match_rate,random_mean_top1_match_rate,topdisc_beats_random_rate
qwen32,10,20,4,3,0.85,0.5,1.0,0.78775,0.565,0.925,0.8,0.7673684210526316,0.9,0.8704999999999999,0.9,0.822,0.7
qwen32,20,20,4,3,0.85,0.5,1.0,0.86475,0.68,0.985,0.8,0.8478947368421053,0.8916666666666666,0.9136666666666666,0.85,0.896,0.7
qwen32,25,20,4,3,0.85,0.5,1.0,0.88275,0.675,0.995,0.8,0.8546666666666667,0.9,0.9239166666666666,0.85,0.911,0.7
qwen32,30,20,4,3,0.875,0.5,1.0,0.88925,0.75,0.995,0.8333333333333334,0.8631666666666666,0.9166666666666666,0.92825,0.9,0.913,0.75
qwen32,40,20,4,3,0.9,0.5,1.0,0.91325,0.775,1.0,0.8666666666666667,0.891,0.9333333333333333,0.943,0.9,0.9365,0.6
qwen32,60,20,4,3,0.975,0.5,1.0,0.938,0.855,1.0,0.9666666666666667,0.9233333333333333,0.9833333333333333,0.9591666666666667,0.95,0.961,0.45
qwen32,80,20,4,3,1.0,1.0,1.0,1.0,1.0,1.0,1.0,1.0,1.0,1.0,1.0,1.0,0.0
