n_questions,mean_rho,min_rho,max_rho
10,0.777381,0.321429,0.964286
20,0.839286,0.464286,1.000000
40,0.857143,0.607143,1.000000
60,0.952381,0.642857,1.000000
80,1.000000,1.000000,1.000000
