n,random_mean,random_min,random_max,topdisc_rho
5,0.756250,-0.142857,1.000000,0.928571
10,0.866429,0.500000,1.000000,0.928571
15,0.903571,0.642857,1.000000,0.892857
20,0.931250,0.714286,1.000000,0.892857
25,0.940536,0.750000,1.000000,0.964286
30,0.951429,0.785714,1.000000,0.964286
40,0.958929,0.821429,1.000000,1.000000
60,0.971607,0.892857,1.000000,1.000000
80,1.000000,1.000000,1.000000,1.000000
