n,random_mean,random_min,random_max,topdisc_rho
5,0.632000,-0.714286,1.000000,0.942857
10,0.793429,-0.200000,1.000000,0.885714
15,0.842571,-0.085714,1.000000,1.000000
20,0.857429,0.428571,1.000000,0.942857
25,0.884857,0.542857,1.000000,0.942857
30,0.879143,0.428571,1.000000,1.000000
40,0.911143,0.714286,1.000000,1.000000
60,0.959429,0.771429,1.000000,1.000000
80,1.000000,1.000000,1.000000,1.000000
